{
  "bo_0": [4.8801172465960665, 0.7734885348114109],
  "bo_sv0": [7.147698559928849, 0.29430429725752877],
  "bo_offsv0": [3.270012784532683, 0.06695875814063575],
  "bo_sv1": [6.795479440282315, 0.2392722575262562],
  "bo_offsv1": [3.1875168313460147, 0.04448509288519808],
  "bo_sv2": [6.397264636666407, 0.3547542139808739],
  "bo_offsv2": [3.0682963843057784, 0.15576880909165694],
  "bo_sv3": [6.123195463378207, 0.3885729454902279],
  "bo_offsv3": [2.879118028036768, 0.15329387770533823],
  "bo_eq_mean": [0.5344041225416036, 0.15046426836709],
  "bo_ax_mean": [1.1132980332829048, 0.13632719904834847],
  "grad_0": [0.06551566944816771, 0.101541508770058],
  "grad_sv0": [0.18718204776691316, 0.13705411808379],
  "grad_intsv0": [0.5164028423443303, 0.7865438387965654],
  "grad_sv1": [0.14331990304612455, 0.05011706223914927],
  "grad_intsv1": [0.158729139718293, 0.06281918675007327],
  "grad_sv2": [0.09952898098083136, 0.027123389803345218],
  "grad_intsv2": [0.11267147529428391, 0.03460133131755478],
  "grad_maxnorm": [0.10917028707519685, 0.10459241851317616],
  "grad_intmaxnorm": [0.1525410391005271, 0.1923524634191961],
  "grad_rms": [0.03545531467473525, 0.019038003133057924],
  "grad_eq_mean": [0.053226873033051236, 0.03490886256689386],
  "grad_ax_mean": [0.03409691966621668, 0.04795279894055513],
  "charge_0": [0.03812127382753404, 0.5936622193634862],
  "charge_eq_mean": [0.03747012291981846, 0.40720110415205824],
  "charge_ax_mean": [-0.35583086384266266, 0.23937726664768386],
  "del_ss": 1,
  "del_metal_spin": 1,
  "ss_flag": 1,
  "metal_spin_flag": 1
}
