{
  "bo_0": [
    3.9125841346153845,
    1.1736153723431764
  ],
  "bo_sv0": [
    6.279611223717359,
    1.0586884143037179
  ],
  "bo_offsv0": [
    2.819842482881931,
    0.5355872325500816
  ],
  "bo_sv1": [
    5.313047753065567,
    1.3792457691212308
  ],
  "bo_offsv1": [
    2.657504079948472,
    0.5532665326523385
  ],
  "bo_sv2": [
    4.786063597750229,
    1.6327667961545567
  ],
  "bo_offsv2": [
    2.309617501104237,
    0.7136938944677844
  ],
  "bo_sv3": [
    4.443204378044627,
    1.8008454144118806
  ],
  "bo_offsv3": [
    2.2619526813856945,
    0.7207748072864507
  ],
  "bo_eq_mean": [
    0.5857415865384615,
    0.26912985147965074
  ],
  "bo_ax_mean": [
    0.5980952524038462,
    0.27291641574568204
  ],
  "grad_0": [
    0.02015657585739074,
    0.020871901106393496
  ],
  "grad_sv0": [
    0.3249488090770726,
    0.7236814372363964
  ],
  "grad_intsv0": [
    0.36052001775754255,
    0.7176926880191034
  ],
  "grad_sv1": [
    0.13807192790709283,
    0.17838816884478656
  ],
  "grad_intsv1": [
    0.14054259760974117,
    0.17806617113395598
  ],
  "grad_sv2": [
    0.07400100431151682,
    0.10469436895203145
  ],
  "grad_intsv2": [
    0.08441081099410448,
    0.11348825534802005
  ],
  "grad_maxnorm": [
    0.2126637744764558,
    0.509094841987294
  ],
  "grad_intmaxnorm": [
    0.22367975617844207,
    0.5087232043046666
  ],
  "grad_rms": [
    0.06572934194711538,
    0.07073056138053613
  ],
  "grad_eq_mean": [
    0.053602461132015215,
    0.06132115576535939
  ],
  "grad_ax_mean": [
    0.05942154349153107,
    0.052635338245947585
  ],
  "charge_0": [
    -0.5573711616586539,
    1.6177450357110532
  ],
  "charge_eq_mean": [
    -0.29043728515625006,
    0.42849234851721535
  ],
  "charge_ax_mean": [
    -0.29266572536057694,
    0.35743721683176866
  ],
  "flag_oct": 1,
  "inspect_oct_angle_devi_max": 12,
  "inspect_max_del_sig_angle": 22.5,
  "inspect_dist_del_all": 1.0,
  "inspect_dist_del_eq": 0.35,
  "inspect_devi_linear_avrg": 20,
  "inspect_devi_linear_max": 28,
  "actural_rmsd_max": 0.3
}
